,symbol,return_score,rsi_score,proximity_score,return_rank,rsi_rank,proximity_rank,total_rank,rank
60,BDL.NS,52.20077849382957,71.30562234517674,99.21022802843757,2.0,10.0,13.0,3.9000000000000004,1
210,INTELLECT.NS,47.17949365039956,71.4889126833638,98.24473879990386,3.0,7.0,19.0,5.000000000000001,2
274,MAZDOCK.NS,42.13297536442078,66.30771521737985,100.0,5.0,21.0,4.5,6.55,3
61,BEL.NS,35.14134521391846,74.61948517016407,100.0,10.0,3.0,4.5,8.75,4
48,BSE.NS,40.125837041180716,63.62614412771793,98.53868133225569,6.0,46.0,18.0,11.200000000000003,5
76,CCL.NS,35.712709025352126,65.65631193183388,96.74279139592097,9.0,26.0,29.0,12.700000000000001,6
272,MFSL.NS,29.676354210820847,75.5607785700519,100.0,16.0,2.0,4.5,13.45,7
128,ELECON.NS,39.91339474433829,68.17017535922547,92.07521200587607,7.0,17.0,68.0,14.100000000000001,8
87,CEATLTD.NS,33.07963957888754,72.2008773334968,95.38410964805828,13.0,6.0,43.0,15.3,9
42,AIIL.NS,32.184627433546225,63.13465988856496,99.18593800887795,14.0,52.0,14.0,17.8,10
117,DATAPATTNS.NS,54.60628514706997,65.88712882476523,83.1998141332774,1.0,24.0,164.0,19.6,11
46,BEML.NS,45.610562478912016,69.512354016638,82.26554324024737,4.0,13.0,177.0,22.2,12
178,HAL.NS,28.931303370361338,65.58363512253594,88.99403270210567,18.0,27.0,89.0,26.0,13
125,EIDPARRY.NS,23.709071087846173,69.37733734955714,98.78408562281086,30.0,14.0,17.0,27.099999999999998,14
152,GODFRYPHLP.NS,34.04305394266806,58.9639161867506,90.19287348806799,11.0,129.0,81.0,29.800000000000004,15
4,APLAPOLLO.NS,23.2342908622272,72.51506060654192,100.0,37.0,5.0,4.5,30.55,16
30,ANGELONE.NS,27.932562338079236,64.21008376816329,87.07050744921007,20.0,38.0,118.0,31.6,17
120,DELHIVERY.NS,29.384359201732966,71.38197170524991,82.73618842841996,17.0,8.0,174.0,31.800000000000004,18
282,NBCC.NS,28.269229100417775,62.879015603422125,87.58111616592792,19.0,54.0,113.0,31.900000000000002,19
17,ABCAPITAL.NS,26.202703607091866,62.80086094057617,91.32992883145693,26.0,56.0,77.0,34.1,20
138,FACT.NS,26.810510581164607,68.54982319155464,81.59901732560284,23.0,16.0,184.0,38.400000000000006,21
164,GMDCLTD.NS,26.288786307984157,62.47054376208889,84.48960687927936,24.0,62.0,151.0,40.5,22
131,ENDURANCE.NS,23.410546022388747,69.67295063346711,87.0957786787249,35.0,12.0,116.0,40.8,23
310,PFIZER.NS,24.303573696236963,75.95769155429251,82.02523238627134,29.0,1.0,180.0,41.300000000000004,24
216,JKTYRE.NS,27.621447090803994,66.26539921861296,78.86560772269434,22.0,22.0,220.0,41.8,25
323,RRKABEL.NS,31.286682403192927,71.0609324679739,72.02841408704413,15.0,11.0,292.0,42.300000000000004,26
40,ATUL.NS,22.484356218280464,66.40686598198862,88.68453854540937,41.0,20.0,93.0,44.10000000000001,27
408,DBREALTY.NS,27.807149476299298,58.876919890909456,83.63813636423527,21.0,133.0,159.0,46.0,28
184,HONASA.NS,37.79507972114903,72.78816157734379,58.272266255912555,8.0,4.0,397.0,46.5,29
293,NAM-INDIA.NS,22.647546026193897,60.11758202982961,89.89328579978016,39.0,102.0,83.0,49.7,30
349,SCHAEFFLER.NS,22.89272723063675,65.8547511745606,82.91196781812171,38.0,25.0,169.0,49.80000000000001,31
424,ECLERX.NS,22.004857590715165,64.75697945365157,87.7009495945452,45.0,34.0,110.0,50.4,32
100,COCHINSHIP.NS,33.97213231599261,62.62616999359951,65.81226118578542,12.0,60.0,353.0,50.900000000000006,33
5,AUBANK.NS,20.638057857584197,63.71507012947052,92.87707965635383,52.0,45.0,59.0,52.0,34
63,BHEL.NS,23.554181879796015,64.04776248486695,78.70753704349531,33.0,39.0,221.0,52.400000000000006,35
180,HINDPETRO.NS,20.69647016456374,61.5870626757569,92.4414729327794,50.0,76.0,62.0,53.800000000000004,36
233,KPRMILL.NS,23.385344215716156,58.27389314989154,88.18755607057416,36.0,148.0,102.0,53.800000000000004,37
217,JMFINANCIL.NS,23.526303611659685,64.77433852568272,75.40133223279622,34.0,33.0,253.0,55.800000000000004,38
91,CHALET.NS,20.53408890171511,62.733699666562785,89.90167038278946,53.0,57.0,82.0,56.30000000000001,39
37,ASTERDM.NS,20.370023799863308,62.72186178338361,92.63372841056521,56.0,58.0,60.0,56.60000000000001,40
292,NEWGEN.NS,26.267751103978526,61.5024054238609,71.5046432809919,25.0,78.0,300.0,57.8,41
242,KAYNES.NS,25.707918061767383,58.35477850997243,78.64377534338206,27.0,146.0,222.0,58.400000000000006,42
294,NUVAMA.NS,19.91761672554068,62.14618711661057,93.1301918204085,58.0,67.0,57.0,58.80000000000001,43
106,COROMANDEL.NS,19.464396751090625,63.26688287533046,96.29227788356998,64.0,50.0,34.0,59.6,44
259,LINDEINDIA.NS,22.50044707442794,63.204155781592796,78.0136721269186,40.0,51.0,230.0,60.1,45
170,HDFCAMC.NS,18.786478736505035,62.588680300676536,100.0,68.0,61.0,4.5,60.95000000000001,46
386,TECHNOE.NS,23.686642059592653,62.30782905501675,71.60306531428314,32.0,64.0,299.0,61.900000000000006,47
340,SBILIFE.NS,18.62335018014255,67.40045055908101,93.41248815389802,69.0,18.0,53.0,62.3,48
228,JUBLPHARMA.NS,19.649460276240333,64.44092893921552,88.82068532049838,62.0,37.0,90.0,62.300000000000004,49
107,CRAFTSMAN.NS,21.37959533655044,61.29591725271492,82.86106183607151,47.0,80.0,170.0,62.6,50
14,ADANIPORTS.NS,19.511546895248348,64.99366372234304,88.05458162275096,63.0,31.0,104.0,63.900000000000006,51
291,NETWEB.NS,25.374129592182555,63.41393705111228,64.04835900511787,28.0,49.0,367.0,64.0,52
304,PNBHOUSING.NS,19.7172195933419,60.22142665096396,92.06279441322621,61.0,98.0,69.0,65.50000000000001,53
118,DEEPAKFERT.NS,18.820481484469372,60.60540460730687,95.9300521708386,67.0,90.0,37.0,66.3,54
421,ZEEL.NS,22.25718478041618,60.586131642987446,76.4748172810357,42.0,92.0,243.0,67.10000000000001,55
189,IIFL.NS,21.00722362735456,61.844433609427675,78.53304783126377,49.0,72.0,224.0,68.80000000000001,56
190,INOXINDIA.NS,19.860287242207498,66.56376836494684,80.91974305583385,59.0,19.0,197.0,68.80000000000001,57
330,RAILTEL.NS,23.701491757340204,61.331971138039385,64.55017122359685,31.0,79.0,364.0,69.1,58
172,HDFCLIFE.NS,17.122709449574405,68.71710216225607,99.94874110692618,85.0,15.0,9.0,70.4,59
97,CUB.NS,17.486734954735926,62.66723834309986,99.52303509606618,81.0,59.0,11.0,71.8,60
359,STARHEALTH.NS,20.654524197542063,63.528282868861005,72.70090065017395,51.0,47.0,280.0,73.5,61
327,RITES.NS,22.139074070004316,60.4239277565139,71.39984424155163,43.0,94.0,304.0,74.2,62
66,BHARTIHEXA.NS,18.292633046250728,60.08830441421633,96.20655909742811,76.0,104.0,35.0,74.7,63
64,BPCL.NS,18.320409349224537,62.993267036890494,87.2955809030497,73.0,53.0,114.0,75.10000000000001,64
140,FINPIPE.NS,21.81571136739764,65.38975558436077,63.80531038982874,46.0,28.0,371.0,76.7,65
168,HEG.NS,20.521191296004734,57.14936914017127,81.64699603754195,54.0,183.0,181.0,79.6,66
93,CHENNPETRO.NS,22.068686555286774,63.76103527565377,56.299178326716195,44.0,43.0,404.0,79.9,67
342,SKFINDIA.NS,20.37661731152298,71.33915722990248,65.66780141799941,55.0,9.0,355.0,80.4,68
82,CANBK.NS,18.296535422068725,61.930139983358664,83.80507084361294,75.0,71.0,157.0,82.8,69
418,WHIRLPOOL.NS,21.101601348010664,64.6836033799327,52.831601420196485,48.0,35.0,414.0,83.30000000000001,70
148,GLAXO.NS,17.981773360806088,56.668767077106004,96.70254445501443,78.0,191.0,30.0,84.5,71
262,LODHA.NS,17.964159034976372,58.78926361003568,90.23701602237864,79.0,136.0,80.0,84.80000000000001,72
317,POONAWALLA.NS,18.376098922249252,58.68613847315117,85.1342616096603,72.0,139.0,145.0,86.0,73
77,CESC.NS,18.599746785788586,59.82534394397083,81.21490884921893,70.0,110.0,191.0,86.1,74
225,JIOFIN.NS,18.51309252409718,62.871973312784746,76.61454792658056,71.0,55.0,242.0,86.5,75
237,KAJARIACER.NS,19.14232102111109,66.20434018821301,67.79496572442683,65.0,23.0,340.0,88.3,76
141,FSL.NS,16.318174836328023,59.81456450642931,95.59926394677704,93.0,111.0,41.0,89.6,77
45,BASF.NS,19.763289163984307,64.01840458791952,62.367776782588635,60.0,40.0,381.0,90.1,78
146,GILLETTE.NS,15.753290660749572,63.79107056545896,89.70353430209889,97.0,42.0,84.0,90.20000000000002,79
195,INDIACEM.NS,15.834743959520935,65.02742652157738,85.96398404503044,96.0,30.0,137.0,93.50000000000001,80
158,GRAPHITE.NS,17.098864511115682,57.888234674712145,88.26237632554304,86.0,162.0,101.0,95.1,81
351,SCI.NS,20.216995485156275,59.87735411851443,57.98350982438244,57.0,107.0,398.0,96.10000000000001,82
70,BLUEDART.NS,16.950176012447116,64.91699619374674,77.66664717829893,87.0,32.0,235.0,96.30000000000001,83
338,SBFC.NS,16.088801727487166,56.573564081232256,96.62983388071402,94.0,194.0,31.0,97.7,84
403,UTIAMC.NS,16.56078245395811,59.2955955997742,86.0716810875896,91.0,122.0,135.0,98.5,85
88,CDSL.NS,17.44561151400387,62.25809879294658,74.78933774068028,82.0,65.0,264.0,98.50000000000001,86
404,UNIONBANK.NS,16.93577528399852,59.76931298247168,82.59411980124081,88.0,113.0,175.0,99.2,87
336,RELIANCE.NS,14.421198861246628,63.82376938730826,89.62458785352753,109.0,41.0,85.0,99.8,88
22,APLLTD.NS,16.597016186753606,60.948620526358106,79.30592600173092,90.0,85.0,212.0,101.7,89
324,RBLBANK.NS,16.630523403970685,60.19536973619023,75.9117063193297,89.0,101.0,247.0,106.00000000000001,90
391,TIMKEN.NS,17.923321578485226,61.95011088498785,66.07323084363924,80.0,70.0,351.0,106.1,91
232,JYOTICNC.NS,14.817445008282924,59.43971915327331,86.78180614241752,104.0,118.0,123.0,107.3,92
215,JBMA.NS,18.83993639402507,57.398702455942136,63.974288522828004,66.0,179.0,368.0,107.5,93
238,KPIL.NS,15.89752383093313,59.904363747476566,79.41103060105024,95.0,106.0,211.0,107.69999999999999,94
246,KIRLOSENG.NS,18.170566840452647,60.66488377078435,61.15437681810745,77.0,88.0,387.0,109.10000000000001,95
279,MCX.NS,14.261353214201861,58.261551272540636,93.3092485549133,111.0,149.0,56.0,109.30000000000001,96
136,NYKAA.NS,14.011459036306794,61.5779052621531,88.30973706126774,115.0,77.0,99.0,109.60000000000001,97
416,WELSPUNLIV.NS,17.203776171727156,58.277223770760294,72.23294928193651,84.0,147.0,290.0,110.9,98
154,GODREJCP.NS,14.294482123441455,61.023177082964025,84.69044909031174,110.0,84.0,150.0,111.4,99
98,CLEAN.NS,13.825802016407344,63.74469873747537,86.39229037728145,118.0,44.0,128.0,111.60000000000001,100
132,ENGINERSIN.NS,17.42717889526188,59.211138886503555,68.93367849476475,83.0,124.0,332.0,112.00000000000001,101
371,SYRMA.NS,14.5653833409661,57.58646135699425,88.4002564332477,107.0,171.0,96.0,112.30000000000001,102
229,JWL.NS,18.314564561039266,59.09835775363652,54.94520631555009,74.0,126.0,411.0,112.9,103
75,MAPMYINDIA.NS,15.608577851703037,60.19661400117956,77.01362731921539,100.0,100.0,238.0,113.8,104
155,GODREJIND.NS,14.707111931938192,54.26131220792778,94.34998017177104,106.0,258.0,48.0,115.4,105
81,CANFINHOME.NS,14.903159055817653,58.62138448854072,81.14798265767857,103.0,140.0,193.0,115.7,106
422,ZENSARTECH.NS,13.812755554006635,60.94661793603699,86.7166119562936,119.0,86.0,124.0,116.2,107
116,DALBHARAT.NS,12.530368039102493,62.17521775391336,95.94494156118759,135.0,66.0,36.0,118.19999999999999,108
133,ERIS.NS,12.916533012381029,57.99438276540456,100.0,128.0,159.0,4.5,118.75000000000001,109
32,APOLLOTYRE.NS,13.146386220824764,61.62757640879037,87.75365421293476,126.0,75.0,108.0,119.10000000000001,110
277,MOTILALOFS.NS,16.508681246729953,56.11635805045827,76.02699938899639,92.0,210.0,245.0,119.10000000000001,111
286,NH.NS,13.538677574903586,56.233364809359095,95.82075070213139,120.0,208.0,40.0,120.8,112
122,DIVISLAB.NS,12.090436403392829,62.039706224112585,100.0,142.0,68.0,4.5,120.85000000000001,113
321,PRESTIGE.NS,15.74005559560407,59.66648376190769,69.94845959827663,98.0,114.0,320.0,121.80000000000001,114
409,VTL.NS,14.105597546242292,56.492398200296435,87.01732487892556,114.0,199.0,120.0,123.10000000000001,115
175,HEROMOTOCO.NS,14.557384166984795,62.31148073536712,70.42023794143132,108.0,63.0,314.0,124.10000000000001,116
113,DLF.NS,13.358658502508073,60.22001365337153,84.17748785638189,124.0,99.0,152.0,124.30000000000001,117
393,TITAN.NS,11.937377826391499,65.1079539354516,94.41284783870469,146.0,29.0,47.0,124.40000000000002,118
249,LTF.NS,13.463880592733245,55.81008237140213,91.6833180905982,121.0,220.0,72.0,126.00000000000001,119
383,TATASTEEL.NS,12.190174387558015,63.50284944262514,88.73054868824396,141.0,48.0,92.0,126.80000000000001,120
143,FORTIS.NS,12.61274229385782,57.48100717729455,96.33407994123223,134.0,176.0,33.0,128.10000000000002,121
44,AXISBANK.NS,12.236823348011972,59.30092588134992,92.24929068004828,137.0,121.0,66.0,128.3,122
19,ABSLAMC.NS,12.768091112405225,59.870234749169214,82.75042168488257,130.0,108.0,173.0,132.1,123
185,HUDCO.NS,15.269937074029736,57.180503917624044,69.62594564803477,102.0,181.0,326.0,132.3,124
252,LTFOODS.NS,11.955477984954383,59.26606351899134,95.38043622859409,145.0,123.0,44.0,132.70000000000002,125
191,IRCON.NS,15.706234125875548,58.95494936523314,55.70962342140845,99.0,130.0,408.0,133.0,126
283,NCC.NS,14.711214282533426,58.79933260473578,65.47562149030813,105.0,135.0,356.0,133.1,127
239,KALYANKJIL.NS,14.203507346063844,58.18354618835326,72.13478334495575,113.0,151.0,291.0,134.6,128
345,MOTHERSON.NS,13.980341062296766,60.38960604804401,69.73035854819189,117.0,95.0,325.0,135.60000000000002,129
333,RCF.NS,14.204825592405514,59.98314013302235,65.44696767354462,112.0,105.0,357.0,135.8,130
186,ICICIBANK.NS,10.770542815796622,61.739853177133966,100.0,161.0,73.0,4.5,136.55,131
34,ASAHIINDIA.NS,12.208155756560467,58.083204737901916,88.78327592887749,140.0,155.0,91.0,136.6,132
335,REDINGTON.NS,11.840218001565725,59.432422165780565,92.024287730182,148.0,119.0,70.0,137.3,133
101,COFORGE.NS,11.987830831136668,60.27092103131352,86.12286507663289,144.0,97.0,134.0,138.3,134
90,CERA.NS,13.988565035581034,61.27091876090595,62.396536408041534,116.0,81.0,380.0,138.9,135
254,LT.NS,10.753400672078515,64.67355782189007,92.43533316538989,163.0,36.0,63.0,140.3,136
268,MRPL.NS,15.310416538403175,56.05538095944282,58.69538396249635,101.0,212.0,392.0,141.20000000000002,137
83,CAPLIPOINT.NS,12.236082224347202,57.88853047909689,83.87208933078716,138.0,161.0,156.0,142.1,138
361,SAIL.NS,12.67084216492622,60.43683719068645,73.29509403036984,132.0,93.0,277.0,142.60000000000002,139
243,KEC.NS,13.40168461897843,59.53291259528206,69.44937078777963,123.0,116.0,327.0,142.7,140
95,CHOLAFIN.NS,11.07205955145902,57.771274498325674,99.09627668642433,156.0,166.0,15.0,142.9,141
20,AFFLE.NS,10.821056574542885,59.45702293876668,92.35337493171455,158.0,117.0,64.0,144.5,142
366,SUNDARMFIN.NS,11.166971732853426,55.95007461354506,99.65824359889925,153.0,215.0,10.0,144.9,143
62,BHARATFORG.NS,13.024013891088957,58.40856610618753,69.76107704255678,127.0,144.0,324.0,148.4,144
167,GSPL.NS,12.869487311237604,57.545924805006734,72.45873382407598,129.0,173.0,284.0,148.9,145
188,ICICIPRULI.NS,11.124874635143874,61.11433591177455,82.16926996149782,154.0,83.0,179.0,149.4,146
388,NIACL.NS,13.33970323177458,58.90665113704023,62.95411151628014,125.0,132.0,376.0,150.8,147
200,IOC.NS,11.903983265694952,59.814124606831946,78.48046145181104,147.0,112.0,225.0,151.3,148
392,TITAGARH.NS,13.459774888133767,59.10443397755085,48.969003519387215,122.0,125.0,421.0,152.20000000000002,149
298,OLECTRA.NS,12.638864047460926,58.177195961345795,70.53396203593665,133.0,152.0,312.0,152.8,150
197,INDIANB.NS,10.43014260535587,57.49986488277747,97.27718325199305,169.0,175.0,23.0,155.00000000000003,151
396,TARIL.NS,12.42117790214975,51.49457535262096,84.04616212380287,136.0,319.0,153.0,156.00000000000003,152
78,CGPOWER.NS,11.203362726342062,58.028258936203315,81.30862671435776,152.0,157.0,188.0,156.10000000000002,153
368,SUPREMEIND.NS,12.234081857601785,60.59916241120319,65.24416983660498,139.0,91.0,361.0,156.4,154
378,TATACONSUM.NS,10.488422798988909,57.76491400254461,92.33416655899825,167.0,167.0,65.0,156.79999999999998,155
39,ASTRAL.NS,12.71637648327254,58.14238489930941,62.40099063889464,131.0,153.0,379.0,158.0,156
373,TVSMOTOR.NS,10.660974619371824,55.78095988932344,94.1383901682929,164.0,221.0,49.0,158.20000000000002,157
144,GAIL.NS,11.774296113071651,56.70561753910909,80.15520310330221,150.0,189.0,204.0,159.3,158
74,BRITANNIA.NS,10.515626546493642,58.45258546057777,85.71140725568515,166.0,143.0,139.0,161.00000000000003,159
273,MAXHEALTH.NS,10.370743616566893,56.512467505683865,97.13340025529989,174.0,197.0,25.0,161.40000000000003,160
35,ASHOKLEY.NS,10.386432106474322,58.02323656536228,91.50868013537861,173.0,158.0,75.0,161.70000000000002,161
379,TATAELXSI.NS,11.123585992868882,61.137760993257814,71.68891945476913,155.0,82.0,297.0,161.89999999999998,162
198,IEX.NS,10.80027172866322,58.05907765341046,81.25496259661924,160.0,156.0,189.0,162.5,163
10,ACE.NS,10.420895700610023,58.54240789083628,86.30472543683331,171.0,141.0,130.0,163.9,164
211,INDIGO.NS,10.392211478644393,55.335153614928096,96.9762032563965,172.0,238.0,28.0,164.20000000000002,165
33,APTUS.NS,9.876208497284974,58.13569341271043,88.32285366028066,177.0,154.0,97.0,166.7,166
329,RVNL.NS,12.05587637618033,57.8242046429925,65.40475996713789,143.0,165.0,358.0,166.70000000000002,167
374,TANLA.NS,11.777998426031465,60.327901607755116,56.961266391427856,149.0,96.0,402.0,169.0,168
389,RAMCOCEM.NS,9.454159356757492,58.39954759690689,93.80518084268071,187.0,145.0,50.0,169.1,169
301,POLICYBZR.NS,10.56327869683709,57.19834151273892,80.70943184765476,165.0,180.0,200.0,170.0,170
183,HOMEFIRST.NS,10.947510551109849,50.27752267691407,87.63751631549506,157.0,341.0,112.0,170.9,171
313,PEL.NS,10.283135986041748,57.072511917477335,85.28114528058578,175.0,185.0,141.0,172.6,172
171,HDFCBANK.NS,8.916143790708505,58.250908222898545,98.9040117991971,196.0,150.0,16.0,173.4,173
400,TIINDIA.NS,11.569432166289351,57.502670536943725,64.81575784165737,151.0,174.0,363.0,174.50000000000003,174
163,GUJGASLTD.NS,10.809928499782545,57.83276677213319,67.86029591279872,159.0,164.0,339.0,177.5,175
267,MANAPPURAM.NS,9.019764005175022,55.87365844763686,95.83159827401377,191.0,218.0,39.0,178.50000000000003,176
270,MARICO.NS,8.938710797125387,56.44475259051387,96.37582971347959,195.0,201.0,32.0,179.29999999999998,177
54,BANDHANBNK.NS,10.766306281987527,54.33678089985435,75.36060058126007,162.0,255.0,255.0,180.6,178
258,LICI.NS,9.871910436529243,59.853104613084334,73.2303682915139,178.0,109.0,279.0,181.20000000000002,179
47,BLS.NS,9.843456398784673,56.5882087311581,81.59248510524853,180.0,192.0,185.0,181.7,180
407,VGUARD.NS,9.616644206245207,62.03513945629917,73.26146754057035,184.0,69.0,278.0,181.90000000000003,181
28,ANANDRATHI.NS,8.960922558708312,58.946617316741424,84.80573001883869,193.0,131.0,147.0,182.2,182
134,ESCORTS.NS,9.722688003419435,57.744644337935846,80.08091737536478,182.0,168.0,205.0,182.9,183
56,BANKINDIA.NS,9.544143250189263,55.67561453885234,86.54370705827328,186.0,223.0,126.0,183.70000000000002,184
248,KIMS.NS,9.188373086487786,52.16858094613327,97.04180347632877,190.0,301.0,27.0,184.79999999999998,185
290,NESTLEIND.NS,8.637646238427402,58.73026501993641,89.05824714207947,203.0,137.0,88.0,184.9,186
18,ABREL.NS,9.85204130617821,57.63661121144441,71.89792542051039,179.0,169.0,296.0,189.70000000000002,187
53,BALRAMCHIN.NS,9.579094110997689,54.31582371855885,83.21210755281709,185.0,256.0,163.0,189.9,188
108,CREDITACC.NS,10.042106507327091,54.5101084834439,75.96306918952884,176.0,252.0,246.0,190.6,189
24,ALKYLAMINE.NS,9.822450885115911,55.19684820778391,78.07196277334111,181.0,239.0,229.0,191.60000000000002,190
356,SOBHA.NS,10.474665388535609,56.31127186591349,63.815680830344526,168.0,202.0,370.0,191.60000000000002,191
357,SONACOMS.NS,9.663227724498013,57.60791256275822,72.64729287282354,183.0,170.0,282.0,191.60000000000002,192
8,AARTIIND.NS,10.426794359951607,57.46686063759133,62.06987879728656,170.0,177.0,384.0,192.1,193
49,BAJAJ-AUTO.NS,9.439570801758384,58.815482387919765,70.72648679754833,188.0,134.0,310.0,194.8,194
234,KEI.NS,8.83855457407326,60.090689965079804,72.45073402052302,197.0,103.0,285.0,196.40000000000003,195
382,TATAPOWER.NS,8.61026223208869,56.72385845671996,82.92482103059025,204.0,188.0,168.0,198.80000000000004,196
209,INOXWIND.NS,8.979470846301076,56.256326663228066,74.95085618762083,192.0,207.0,261.0,200.4,197
94,CHOLAHLDNG.NS,8.824614959273553,51.6865569343933,87.13187674707929,198.0,315.0,115.0,201.4,198
376,TATACOMM.NS,8.144972848823068,59.307961649994105,78.31846907570932,210.0,120.0,227.0,202.7,199
299,PAYTM.NS,8.410804688572211,54.53732109033467,85.21892244045442,206.0,251.0,143.0,204.20000000000002,200
151,GPIL.NS,8.657466127626291,53.122628612248405,85.18974483467842,202.0,288.0,144.0,204.80000000000004,201
204,IGL.NS,8.727468082496094,57.46667285962092,73.90923218088655,200.0,178.0,271.0,204.9,202
316,POLYCAB.NS,8.168424211254852,57.86182260499006,78.89170934855582,209.0,163.0,219.0,205.40000000000003,203
12,ADANIENT.NS,9.228039815220756,55.46735276269471,69.8909526417084,189.0,232.0,322.0,206.60000000000002,204
385,TECHM.NS,7.032729556889616,59.08235645277222,89.14495672735232,232.0,127.0,87.0,207.0,205
260,LLOYDSME.NS,7.597621722167378,55.34496843234214,93.0569432125699,222.0,237.0,58.0,207.10000000000002,206
214,JKCEMENT.NS,6.707428356572755,58.966157582915116,98.20099839879438,243.0,128.0,20.0,209.20000000000002,207
223,JSL.NS,7.821989531949273,58.46394256684954,78.91200819532304,218.0,142.0,218.0,210.4,208
31,APOLLOHOSP.NS,6.964717918467939,57.08504924717126,95.42474871415605,236.0,184.0,42.0,211.4,209
27,AMBUJACEM.NS,7.95688688277055,55.97802299271843,81.60432005957733,215.0,214.0,183.0,211.70000000000002,210
123,LALPATHLAB.NS,7.919389228197026,56.84584006878462,79.43031891277099,216.0,186.0,210.0,212.4,211
224,JINDALSTEL.NS,7.324950237610865,55.66170821754904,88.59608713489625,227.0,224.0,94.0,213.40000000000003,212
79,CRISIL.NS,7.9901013379422645,56.57670691306733,76.96261633200982,214.0,193.0,239.0,214.40000000000003,213
16,ATGL.NS,8.955205010592216,56.07813516808857,59.82669265686128,194.0,211.0,390.0,215.3,214
58,BAYERCROP.NS,8.137089079660333,56.51165569597072,73.75547767825056,211.0,198.0,273.0,215.90000000000003,215
1,ABB.NS,8.367209394673955,57.90976871182145,66.48004434589801,207.0,160.0,346.0,216.20000000000002,216
192,ITC.NS,6.99287479818247,58.69817271112189,84.7250107884236,235.0,138.0,148.0,216.60000000000002,217
253,LTIM.NS,7.030462904399189,61.73707100154845,75.85720676858392,233.0,74.0,248.0,218.60000000000002,218
73,BRIGADE.NS,8.040970456229756,55.35310357753769,75.67340820494336,213.0,236.0,249.0,218.9,219
65,BHARTIARTL.NS,6.895073660818924,53.89365469117427,97.18043263619477,238.0,272.0,24.0,220.00000000000003,220
202,IRFC.NS,8.41374156359417,56.5649332852988,64.47132290751138,205.0,196.0,365.0,220.1,221
398,TRIVENI.NS,7.294699543319138,55.926646052833384,83.44827586206897,228.0,217.0,161.0,220.20000000000002,222
266,M&M.NS,6.67714294961844,56.279546942804,95.92351086844295,245.0,204.0,38.0,220.20000000000002,223
55,BANKBARODA.NS,7.799019265485437,53.63643081196519,81.3335559333384,219.0,277.0,187.0,221.60000000000002,224
179,HINDCOPPER.NS,8.709575289341386,55.65565186811375,61.092323645821146,201.0,225.0,388.0,222.10000000000002,225
328,RADICO.NS,6.994113297718907,52.46600794742424,93.63368093323388,234.0,297.0,52.0,222.10000000000002,226
194,INDGN.NS,7.090873757724392,55.94718817931014,83.13771178728211,231.0,216.0,165.0,222.9,227
303,PIIND.NS,7.678087482257298,54.97854427386208,77.85515807593652,221.0,243.0,232.0,224.3,228
341,SJVN.NS,8.193925127481604,55.35868902746075,66.30901419569471,208.0,235.0,349.0,224.8,229
401,UNOMINDA.NS,6.715205484378527,57.15188798286752,86.2935496151494,242.0,182.0,132.0,225.0,230
160,GRAVITA.NS,8.065900596649216,53.44372112851081,73.34171919204765,212.0,282.0,276.0,225.4,231
13,ADANIGREEN.NS,8.736438016414041,55.054088713003615,48.86865575447535,199.0,242.0,422.0,225.60000000000002,232
241,KARURVYSYA.NS,6.45292288164586,56.18304817155249,94.58724679231348,252.0,209.0,46.0,227.10000000000002,233
137,FEDERALBNK.NS,6.497904392194873,55.72893898058579,93.71518362816377,250.0,222.0,51.0,227.29999999999998,234
384,TATATECH.NS,7.872375409852503,56.26153910100239,68.09991297181645,217.0,206.0,338.0,228.00000000000003,235
67,BIKAJI.NS,7.768871127007116,54.178910497841905,74.57852409423099,220.0,261.0,265.0,228.6,236
51,BAJAJFINSV.NS,6.641718930684064,53.363629219498,97.51069347535629,248.0,283.0,22.0,228.9,237
399,TRITURBINE.NS,7.356575688397421,56.5683410312945,70.76720429659439,226.0,195.0,309.0,231.20000000000002,238
121,DEVYANI.NS,7.226092289327144,54.135217432242406,79.22194775500299,230.0,264.0,214.0,231.8,239
381,TATAMOTORS.NS,7.509748796591474,57.55852134941915,62.744761829715145,223.0,172.0,378.0,233.4,240
23,ALKEM.NS,6.774635594723868,55.123295942661294,82.45042214804634,240.0,241.0,176.0,233.7,241
308,PERSISTENT.NS,6.208839245152312,56.761445765618845,85.2686439342495,255.0,187.0,142.0,236.89999999999998,242
312,PIDILITIND.NS,6.171562683884069,55.64296336312856,90.5379891296103,258.0,226.0,79.0,236.9,243
156,GODREJPROP.NS,7.46744364761265,55.51887083971125,66.44880721698595,225.0,230.0,347.0,237.7,244
176,HSCL.NS,7.25712230495659,54.89616057733457,71.48742022962604,229.0,244.0,301.0,237.70000000000002,245
139,FINCABLES.NS,6.962706109213904,60.664857378189424,58.607861518573735,237.0,89.0,393.0,237.80000000000004,246
367,SUNDRMFAST.NS,6.655883133026834,60.70348459697855,68.30241193354199,246.0,87.0,336.0,239.1,247
326,RHIM.NS,7.468218828663775,53.91756612266304,63.46166948958245,224.0,270.0,373.0,243.50000000000003,248
50,BAJFINANCE.NS,5.351599355342742,54.09218750983843,99.42615038077872,270.0,265.0,12.0,243.7,249
348,SAREGAMA.NS,6.464250414323499,53.11693652069846,82.26225401465295,251.0,289.0,178.0,247.50000000000003,250
80,CAMPUS.NS,5.447396420581204,59.54837921736681,75.44327790795785,268.0,115.0,252.0,251.10000000000002,251
297,OIL.NS,6.888356659766234,56.306751928394526,57.71929989298668,239.0,203.0,401.0,251.60000000000002,252
380,TATAINVEST.NS,5.919087346132065,53.336039872356395,84.91696286816047,261.0,284.0,146.0,251.8,253
105,CONCOR.NS,6.768754681241657,55.40795738069921,63.22333612212583,241.0,234.0,374.0,253.60000000000002,254
245,KIRLOSBROS.NS,6.584386708479795,54.497964413833955,70.43005947384582,249.0,253.0,313.0,255.80000000000004,255
145,GICRE.NS,5.33249477416082,54.19120126032624,86.12774451097805,271.0,259.0,133.0,256.0,256
103,CAMS.NS,6.39812809400992,52.924773712089724,75.38948114034334,253.0,290.0,254.0,256.8,257
352,SHRIRAMFIN.NS,5.328002004946659,51.50122591371954,91.56802460616137,272.0,318.0,74.0,256.8,258
196,INDIAMART.NS,6.127503151313523,55.61878422105237,73.98055440356525,259.0,227.0,270.0,256.90000000000003,259
295,OBEROIRLTY.NS,6.174103822046326,54.01648177150369,74.97470981988472,256.0,267.0,260.0,257.5,260
353,SHYAMMETL.NS,5.251902112292768,52.28499649041594,92.48726156685481,277.0,300.0,61.0,257.70000000000005,261
309,PETRONET.NS,5.3174671069650445,55.424664983987306,83.49946946489044,273.0,233.0,160.0,257.70000000000005,262
305,PNCINFRA.NS,6.698128271148016,55.83245466646314,52.35115218728594,244.0,219.0,415.0,258.6,263
201,IRCTC.NS,6.254136614654588,54.671234796007184,70.41740891776755,254.0,247.0,315.0,259.40000000000003,264
72,BBTC.NS,6.1728777304674365,54.62645764815568,69.26756963749995,257.0,249.0,328.0,263.3,265
251,LICHSGFIN.NS,5.8375523478862705,53.951026481136715,73.90824935749907,263.0,269.0,272.0,264.5,266
127,EICHERMOT.NS,5.01687769566334,50.23595461683268,93.4084846398761,281.0,344.0,55.0,264.7,267
213,JBCHEPHARM.NS,4.426181413819493,56.69720310843249,86.36963468417419,291.0,190.0,129.0,264.7,268
59,BERGEPAINT.NS,5.283680717704793,50.50712100016048,87.64296617081564,276.0,334.0,111.0,265.3,269
288,NAVA.NS,6.64681093683674,49.84633502540754,69.00927074068544,247.0,351.0,330.0,265.70000000000005,270
363,SUMICHEM.NS,5.071740006143247,52.0206662436,87.0497127616901,279.0,307.0,119.0,265.8,271
350,SCHNEIDER.NS,5.399202406658517,55.48540660809267,72.27369802066693,269.0,231.0,288.0,267.1,272
0,360ONE.NS,5.5308674143403245,51.41569057793356,78.38337747087331,266.0,322.0,226.0,267.6,273
319,POWERGRID.NS,5.298183882272924,51.807241287707456,81.18757758829888,275.0,310.0,192.0,270.2,274
135,EXIDEIND.NS,5.671262612146484,55.15294552051555,66.72991831303109,265.0,240.0,345.0,270.5,275
159,GRASIM.NS,4.024598910018475,53.53904644466047,93.41186469780219,298.0,279.0,54.0,271.7,276
360,SBIN.NS,4.484686758421852,52.7251955392293,87.7160054103707,290.0,294.0,109.0,272.29999999999995,277
205,INDUSTOWER.NS,4.950176450554383,52.12587386434296,82.98800436205016,284.0,302.0,166.0,274.00000000000006,278
124,DRREDDY.NS,3.5496472943289525,56.48421706472067,87.85195173016125,305.0,200.0,107.0,274.7,279
165,GNFC.NS,5.062762702537561,56.270031839503595,71.37352663139589,280.0,205.0,305.0,275.0,280
322,PNB.NS,5.301454648300364,53.327403041156536,73.69342998866617,274.0,285.0,274.0,275.1,281
166,GPPL.NS,6.101503867022977,52.91175962991836,62.16954680888451,260.0,291.0,383.0,275.4,282
181,HINDUNILVR.NS,4.968769584655688,53.685539626732144,79.05103297145871,283.0,276.0,216.0,275.6,283
358,SONATSOFTW.NS,5.9093534991630925,54.66020085658349,53.06772989422518,262.0,248.0,413.0,275.70000000000005,284
339,SBICARD.NS,3.449812372941295,53.484745725850395,97.83605978553541,307.0,281.0,21.0,275.80000000000007,285
219,JSWINFRA.NS,4.971164289876547,51.98216232926958,80.5832044903667,282.0,308.0,202.0,276.6,286
11,ADANIENSOL.NS,5.8119849020225836,51.20354126204683,68.90684173878215,264.0,324.0,333.0,276.90000000000003,287
236,KPITTECH.NS,5.138195127028305,54.61743598595959,71.46679696558553,278.0,250.0,302.0,277.6,288
89,CENTURYPLY.NS,3.9972314983465047,55.555655395021006,83.7152209492635,299.0,229.0,158.0,277.90000000000003,289
169,HCLTECH.NS,4.035614614628752,54.16511985212855,83.88551932563784,297.0,262.0,155.0,279.3,290
162,FLUOROCHEM.NS,4.049313659866927,53.58575607183288,83.39688485758408,296.0,278.0,162.0,280.8,291
284,NLCINDIA.NS,4.638682114647501,52.02822008419548,80.69391432999758,288.0,305.0,201.0,281.0,292
315,POLYMED.NS,4.948664010233988,52.345019996429095,77.82287947837597,285.0,299.0,233.0,281.2,293
15,ADANIPOWER.NS,5.452069872755932,51.97047679379437,63.87649806585907,267.0,309.0,369.0,281.40000000000003,294
99,COALINDIA.NS,4.597994172885585,54.7175893327159,74.51887379976812,289.0,246.0,266.0,282.40000000000003,295
7,AADHARHFC.NS,3.886035430697247,50.348901798844686,88.01057679626238,300.0,339.0,105.0,284.4,296
278,MPHASIS.NS,4.128947822949951,52.72160624215052,79.62968633279071,293.0,295.0,207.0,284.59999999999997,297
264,MAHSEAMLES.NS,3.641602630231277,52.1008169290072,85.71605339646172,303.0,303.0,138.0,286.5,298
255,LATENTVIEW.NS,4.183462095459098,53.850154677615784,74.79006556617276,292.0,274.0,263.0,287.3,299
177,HINDALCO.NS,3.2470024156630473,54.155151814736236,86.85575770593404,311.0,263.0,122.0,287.3,300
240,KANSAINER.NS,4.074645735011067,51.163123543198246,80.55028055516897,294.0,326.0,203.0,288.1,301
397,TRENT.NS,4.8557876355831695,53.29385025071605,67.1042309781729,286.0,286.0,344.0,291.8,302
412,VEDL.NS,2.569887233838027,54.883933715254024,85.35440379175645,318.0,245.0,140.0,292.9,303
346,SAPPHIRE.NS,3.3247330433448954,50.440725856081315,84.72221766822194,309.0,335.0,149.0,295.6,304
289,NAVINFLUOR.NS,2.4952181836876535,51.17619174987288,91.57793041979112,321.0,325.0,73.0,296.6,305
207,NAUKRI.NS,2.8525893435019305,53.873921559320394,81.62982770645156,315.0,273.0,182.0,297.5,306
230,JUSTDIAL.NS,4.664141438037035,48.94552479425327,67.54382637335071,287.0,364.0,342.0,300.2,307
157,GRANULES.NS,3.3815951663801798,54.180568875118496,72.41331537098344,308.0,260.0,286.0,301.0,308
220,JSWSTEEL.NS,1.7250038837966262,51.72225025588305,97.0936885098902,334.0,313.0,26.0,301.1,309
43,DMART.NS,3.8562051570745317,48.75295260291821,76.758566849821,301.0,367.0,240.0,301.5,310
212,IPCALAB.NS,2.5069015563597996,52.059914802270676,84.04001663580235,320.0,304.0,154.0,301.79999999999995,311
375,TATACHEM.NS,3.157388469278331,54.08781188968015,74.16736548241694,312.0,266.0,268.0,303.00000000000006,312
372,TBOTEK.NS,3.5437902002979462,53.916514847040624,67.75380938055233,306.0,271.0,341.0,306.00000000000006,313
25,ARE&M.NS,3.578635370414419,54.27409009266946,61.21752852720539,304.0,257.0,386.0,307.50000000000006,314
111,CYIENT.NS,3.248474730226857,55.56533034548027,62.8275178446922,310.0,228.0,377.0,308.5,315
203,IREDA.NS,3.7950513098817873,52.46208409907461,59.917143693702755,302.0,298.0,389.0,310.30000000000007,316
221,J&KBANK.NS,3.0191306320600604,50.03702396050121,74.10766470545474,313.0,349.0,269.0,312.2,317
287,NATIONALUM.NS,2.5383000386833494,53.99076430242909,71.45804513322167,319.0,268.0,303.0,312.3,318
109,CROMPTON.NS,2.4738369862044567,52.73865829063655,74.8244463559113,322.0,293.0,262.0,313.1,319
296,ONGC.NS,3.0169782137589523,50.6100886829162,71.96488732740491,314.0,331.0,293.0,313.6,320
362,SWSOLAR.NS,4.052620092286548,49.504092368167626,36.19681909921271,295.0,354.0,424.0,313.79999999999995,321
3,AIAENG.NS,2.3262602104739507,56.02906689619598,70.10086286503166,326.0,213.0,319.0,314.0,322
187,ICICIGI.NS,2.237881803611508,51.39113606333828,81.01705733066258,328.0,323.0,195.0,314.20000000000005,323
257,LEMONTREE.NS,1.21348159323128,50.432367141181295,88.11469711515626,339.0,336.0,103.0,315.1,324
302,PCBL.NS,2.806075871143507,51.536080923246125,69.84938179710926,316.0,316.0,323.0,316.70000000000005,325
247,KOTAKBANK.NS,1.0807693466700046,47.93859566866234,92.08832880214743,342.0,378.0,67.0,318.1,326
285,NTPC.NS,2.4064257151155943,49.17927170816381,77.50451050067693,323.0,362.0,237.0,318.3,327
126,EIHOTEL.NS,2.3914238523232147,48.554383596612524,76.74683874455629,325.0,368.0,241.0,320.90000000000003,328
150,MEDANTA.NS,0.8285147206641298,50.14363858617808,87.88088702978553,345.0,346.0,106.0,321.20000000000005,329
390,THERMAX.NS,2.764279711689975,52.778844452965735,61.470582659551276,317.0,292.0,385.0,321.3,330
57,BATAINDIA.NS,0.8453310554312378,54.44752320236763,79.265996952101,344.0,254.0,213.0,321.9,331
406,USHAMART.NS,2.101207490390477,53.2807697437006,71.94056697415915,330.0,287.0,295.0,322.2,332
355,SIGNATURE.NS,1.9082908228676123,51.77923076704757,73.56934451141866,331.0,312.0,275.0,323.5,333
405,UBL.NS,0.7301537931838089,46.624376156817505,91.3975674698987,347.0,394.0,76.0,324.6,334
394,TORNTPHARM.NS,-0.19429236864043956,49.386898953878195,89.60292086144493,355.0,358.0,86.0,328.40000000000003,335
269,MANKIND.NS,1.0315232908633256,50.04414880271836,81.05323265680605,343.0,348.0,194.0,328.6,336
147,GLAND.NS,1.4178929596135397,52.51567883270794,71.32984245087263,337.0,296.0,306.0,329.80000000000007,337
331,RAINBOW.NS,1.1567787348739529,48.253651722306465,80.93605604411984,341.0,375.0,196.0,329.90000000000003,338
318,PFC.NS,1.471242174947444,50.352064458553265,72.29232696275743,336.0,338.0,287.0,331.3,339
193,ITI.NS,2.392152663626387,52.026360810607855,51.64875659153928,324.0,306.0,417.0,331.5,340
365,SUNTV.NS,1.8838127559990159,50.51465727629482,69.10072581810144,332.0,333.0,329.0,331.8,341
182,HINDZINC.NS,2.3173031164226874,51.80271565770554,58.39052432147881,327.0,311.0,394.0,332.1,342
263,MGL.NS,1.7662628038159294,51.49065885864061,68.26637103983569,333.0,320.0,337.0,332.1,343
130,EMAMILTD.NS,2.131301138001422,47.86220008800942,70.2411402900789,329.0,380.0,316.0,332.8,344
227,JUBLINGREA.NS,0.7159363726021241,50.24807836365297,79.53328280694656,348.0,343.0,208.0,333.50000000000006,345
110,CUMMINSIND.NS,1.16441128302632,50.94158250016315,71.22883642129294,340.0,329.0,307.0,335.59999999999997,346
38,ASTRAZEN.NS,-0.3730809965910626,44.13777115893915,88.54788763547887,357.0,408.0,95.0,335.90000000000003,347
276,MINDACORP.NS,-0.34647982045703923,50.22689691499886,82.7692528371985,356.0,345.0,171.0,336.40000000000003,348
161,GESHIP.NS,1.3171783739452891,51.70396253640512,64.08307530706678,338.0,314.0,366.0,338.40000000000003,349
423,ZYDUSLIFE.NS,0.28195141997977463,53.774646177681575,70.17064789410652,351.0,275.0,318.0,340.1,350
174,HAVELLS.NS,0.41131787734932307,50.0593127249816,75.26892517858587,350.0,347.0,258.0,340.5,351
244,KFINTECH.NS,1.5495416345781658,47.12154369977594,67.36590933798819,335.0,387.0,343.0,341.0,352
344,SAMMAANCAP.NS,0.8122070648921854,51.51404004603847,68.98829897521526,346.0,317.0,331.0,341.6,353
226,JUBLFOOD.NS,-1.3211568524399788,48.4722892637115,86.29663564590182,365.0,371.0,131.0,342.20000000000005,354
96,CIPLA.NS,-1.509592902332318,48.272353025184124,88.31894978707973,369.0,374.0,98.0,342.4,355
26,AMBER.NS,-0.40305269367001273,49.42337431870694,79.7106852990232,358.0,357.0,206.0,342.70000000000005,356
112,DCMSHRIRAM.NS,-0.477760976093953,49.50402941705671,79.0837586907102,360.0,355.0,215.0,345.0,357
199,INDHOTEL.NS,-1.5534271586704713,48.755741709147685,87.09042505824289,371.0,366.0,117.0,345.1,358
395,TORNTPOWER.NS,0.5542471512930464,48.41239087219225,72.25698365693371,349.0,372.0,289.0,345.29999999999995,359
343,SRF.NS,-2.2916274072743383,47.435836111738354,94.62316158479123,381.0,382.0,45.0,347.5,360
311,PHOENIXLTD.NS,-0.6314529638794943,48.28077313609638,77.98696092468327,361.0,373.0,231.0,349.20000000000005,361
377,TCS.NS,-1.4655387475107327,50.26558404078013,77.67883719633544,366.0,342.0,234.0,350.4,362
36,ASIANPAINT.NS,0.17722347723666587,49.292392363381815,68.78592924471661,352.0,359.0,334.0,350.9,363
2,ACC.NS,0.056037603055214845,48.5356026545339,70.64298040992199,354.0,369.0,311.0,351.2,364
300,OFSS.NS,0.13836616467159293,50.576168851435284,65.285485421436,353.0,332.0,360.0,351.6,365
415,WELCORP.NS,-2.4816313731155084,49.67406893319146,88.29315336036908,383.0,353.0,100.0,351.70000000000005,366
153,GODREJAGRO.NS,-2.0793844942066912,49.23794062380433,86.49335362055892,379.0,360.0,127.0,351.9,367
402,UPL.NS,-3.1538932936404156,46.972799168769434,91.86773078386173,386.0,390.0,71.0,354.90000000000003,368
21,AJANTPHARM.NS,-1.473907161293799,48.93641302172421,75.64278133208084,367.0,365.0,251.0,355.20000000000005,369
271,MASTEK.NS,-1.7216932276997723,53.52161339270443,70.96014585514415,374.0,280.0,308.0,358.0,370
41,AUROPHARMA.NS,-1.5213369062849493,49.05629218178649,75.2453170666257,370.0,363.0,259.0,358.2,371
92,CHAMBLFERT.NS,-1.7116112783064832,43.92742955775463,80.75414134419627,373.0,409.0,199.0,359.20000000000005,372
208,INFY.NS,-2.407113823012542,51.156710402066516,79.03685745822952,382.0,327.0,217.0,360.0,373
256,LAURUSLABS.NS,-3.542932300816663,44.27285377721929,91.30734642428303,390.0,405.0,78.0,360.3,374
6,AWL.NS,-0.43093430318991793,47.89901080540036,65.74768340130613,359.0,379.0,354.0,360.49999999999994,375
86,CASTROLIND.NS,-1.5829527794792526,46.689303584880406,75.65944781893977,372.0,393.0,250.0,361.90000000000003,376
68,BIOCON.NS,-2.860017149916096,48.474471655156215,82.76678276849276,385.0,370.0,172.0,362.2,377
218,JSWENERGY.NS,-1.1179170505277092,49.71144600791886,63.745975844703686,363.0,352.0,372.0,362.8,378
102,COLPAL.NS,-0.9024411543733494,48.08276457896486,65.40475717037836,362.0,377.0,359.0,363.2,379
369,SWANENERGY.NS,-1.2313500931743049,50.75625982774043,55.8660974859704,364.0,330.0,405.0,364.7,380
261,LUPIN.NS,-4.1436079441277665,47.13312616360713,82.93894110567444,393.0,386.0,167.0,369.70000000000005,381
119,DEEPAKNTR.NS,-1.846875239209486,50.30842372299501,65.91890307477426,376.0,340.0,352.0,370.0,382
149,GLENMARK.NS,-3.3868113624036003,48.22923399963479,76.45683562520792,387.0,376.0,244.0,371.6,383
275,METROPOLIS.NS,-2.281944937068045,46.29688046009571,72.46509750849727,380.0,396.0,283.0,371.90000000000003,384
364,SUNPHARMA.NS,-4.784787626721093,45.491410283982724,86.01118784746691,399.0,402.0,136.0,373.00000000000006,385
69,BSOFT.NS,-1.8271474066714006,51.13803871109332,55.847619050721505,375.0,328.0,406.0,373.40000000000003,386
85,CARBORUNIV.NS,-1.5054509369356837,46.483680788749815,55.630828555612965,368.0,395.0,409.0,374.80000000000007,387
307,PATANJALI.NS,-5.507084183380729,42.627878972491544,86.96021501164634,402.0,412.0,121.0,374.90000000000003,388
250,LTTS.NS,-4.147294511790631,49.191488503391945,77.62660478787488,394.0,361.0,236.0,374.9000000000001,389
29,ANANTRAJ.NS,-1.963042488693232,51.443769684230574,55.82277877337438,378.0,321.0,407.0,375.20000000000005,390
142,FIVESTAR.NS,-3.974671197244877,43.35407129580258,78.54842079332957,392.0,411.0,223.0,377.00000000000006,391
281,NATCOPHARM.NS,-1.938211357854281,49.440800468189046,55.21863334740122,377.0,356.0,410.0,378.20000000000005,392
280,MUTHOOTFIN.NS,-8.498643636291002,45.847697094480246,86.69742979712923,412.0,398.0,125.0,381.90000000000003,393
306,PVRINOX.NS,-2.62808223767132,49.97666836310577,56.83620759810525,384.0,350.0,403.0,382.50000000000006,394
314,PPLPHARMA.NS,-3.4489245304696126,45.42723178900909,69.92676300747497,388.0,403.0,321.0,382.80000000000007,395
84,CGCL.NS,-3.6492612465614003,47.092327112615465,70.17659909414667,391.0,388.0,317.0,383.3,396
52,BALKRISIND.NS,-4.50209525082164,46.866823274272,74.48032420058605,397.0,391.0,267.0,383.40000000000003,397
115,DABUR.NS,-4.328094901887118,45.913377952244055,71.94966617869628,396.0,397.0,294.0,385.9,398
420,WOCKPHARMA.NS,-7.38335358923521,47.0516028941322,80.75759380988424,409.0,389.0,198.0,385.90000000000003,399
206,INDUSINDBK.NS,-3.49748007875179,50.378959175525644,52.30437348010606,389.0,337.0,416.0,386.50000000000006,400
419,WIPRO.NS,-7.2103933809237475,47.219240223618726,78.17557035979567,408.0,385.0,228.0,387.70000000000005,401
9,AAVAS.NS,-6.581701507041863,41.98109776403725,79.50911956766494,407.0,416.0,209.0,388.1,402
417,WESTLIFE.NS,-6.066106075665078,45.73753065172227,72.67962019695932,405.0,400.0,281.0,392.1,403
129,ELGIEQUIP.NS,-4.299556585331845,47.75139542290258,62.298492537992054,395.0,381.0,382.0,392.3,404
347,SARDAEN.NS,-10.444841951534528,41.98662850425685,81.44991587317978,417.0,415.0,186.0,393.70000000000005,405
173,HAPPSTMNDS.NS,-5.4699094827377905,47.34116883687102,66.29967061573818,401.0,383.0,350.0,394.1,406
265,M&MFIN.NS,-8.138124922099754,44.54438866736252,75.33039647577093,411.0,404.0,257.0,394.90000000000003,407
325,RECLTD.NS,-4.505296019150621,46.80352905039049,62.991637578565744,398.0,392.0,375.0,395.1,408
370,SYNGENE.NS,-5.2800919922523475,41.628178211896426,68.59569875369918,400.0,419.0,335.0,395.4,409
114,DOMS.NS,-10.529524494636703,40.000924458599464,81.25447869572744,418.0,422.0,190.0,395.6,410
413,VIJAYA.NS,-10.056638930725015,39.259668418167585,75.3583468349896,415.0,423.0,256.0,399.90000000000003,411
414,VOLTAS.NS,-5.821437218967393,44.24778158252182,64.99067388357103,404.0,407.0,362.0,400.1,412
410,VBL.NS,-8.688718623964576,42.53302272892643,71.6044644430284,413.0,413.0,298.0,401.50000000000006,413
231,JYOTHYLAB.NS,-5.680928933043449,41.6056969868199,58.32181986768059,403.0,420.0,396.0,404.00000000000006,414
337,ROUTE.NS,-6.411494352471631,45.82353961860594,51.006889271438574,406.0,399.0,419.0,406.6,415
235,KNRCON.NS,-9.975303321993216,47.31462858842505,54.59228449177318,414.0,384.0,412.0,410.8,416
387,TEJASNET.NS,-7.574115745480744,43.70188238456842,50.98984334653125,410.0,410.0,420.0,411.0,417
320,PRAJIND.NS,-11.037546008327508,44.2702745202407,57.95051223716619,419.0,406.0,399.0,415.70000000000005,418
411,MANYAVAR.NS,-10.117840192656724,41.76439001688009,51.53395626474704,416.0,418.0,418.0,416.40000000000003,419
71,BLUESTARCO.NS,-22.692655665385285,31.47744672958055,66.39002340044316,424.0,425.0,348.0,416.50000000000006,420
332,RKFORGE.NS,-12.699615080362841,41.807634858265835,58.34526292295196,420.0,417.0,395.0,417.2,421
104,CONCORDBIO.NS,-13.896807388469206,42.292265218448236,58.944288708972856,421.0,414.0,391.0,417.30000000000007,422
222,JINDALSAW.NS,-16.86361583102953,41.00131125599314,57.73587445278544,422.0,421.0,400.0,419.70000000000005,423
354,SIEMENS.NS,-20.76479443944206,45.575640985182964,40.67841216360391,423.0,401.0,423.0,420.80000000000007,424
334,RAYMOND.NS,-56.8743393002945,32.566895873912564,19.427156662457424,425.0,424.0,425.0,424.9,425
